id_turno,id_reactor,id_empleado,id_material,id_incidente,id_mantenimiento,energia_generada_mw,temperatura_nucleo,nivel_radiacion_msv,cantidad_material,costo_operacion,horas_operativas,donuts_consumidos,eficiencia_pct
668,2,8,4,,,766.73,283.88,0.01,841.19,43418.99,6.0,7,98.3
179,2,3,3,,,748.46,288.63,0.0081,1220.75,54529.67,8.0,6,95.96
5,2,6,2,,,785.45,276.3,0.0395,971.11,48150.82,8.0,7,100.7
199,1,5,3,70,,765.65,277.17,0.0373,737.52,39080.55,8.0,5,90.08
258,1,16,1,15,,753.8,283.44,0.006,2526.3,48298.07,8.0,1,88.68
607,2,14,3,,,777.49,286.91,0.0131,833.73,40202.66,8.0,3,99.68
423,4,14,5,7,,908.26,296.07,0.0126,1310.33,50188.67,6.0,2,95.61
469,3,9,8,29,,386.71,319.23,0.0189,1466.69,33412.54,6.0,3,64.45
779,1,8,2,,,818.5,290.87,0.0264,307.23,41398.71,8.0,8,96.29
535,2,6,4,,,714.71,286.36,0.0136,3312.15,44545.92,4.0,3,91.63
588,4,14,8,4,,134.14,692.07,1.769,2834.96,170290.69,6.0,0,14.12
714,4,16,7,21,,904.97,275.04,0.0054,1257.63,52635.73,8.0,3,95.26
245,2,4,2,68,,717.31,283.43,0.0312,2702.56,38488.27,6.0,7,91.96
721,2,9,4,,,686.54,275.0,0.027,119.34,45697.59,4.0,5,88.02
437,3,18,4,,,377.0,325.83,0.0628,3108.48,31370.29,8.0,5,62.83
114,2,16,2,52,,704.17,285.22,0.0298,1891.02,42094.25,8.0,5,90.28
665,2,18,3,,,763.55,286.92,0.0162,973.62,55958.66,6.0,8,97.89
65,2,16,4,71,,770.52,278.32,0.0339,1291.67,55989.02,4.0,7,98.78
690,5,4,10,,,46.98,289.84,0.0078,387.23,55958.92,8.0,4,93.96
283,1,5,3,22,,770.57,289.64,0.0196,1216.72,51648.07,6.0,2,90.66
455,3,3,8,27,,364.63,323.07,0.0693,2027.57,42990.51,6.0,2,60.77
672,2,9,4,,,757.06,287.49,0.0345,466.18,46905.13,4.0,4,97.06
314,1,8,2,68,,855.27,288.31,0.0174,3234.84,47118.53,4.0,2,100.62
729,2,5,3,,,756.66,285.53,0.0283,148.82,41069.7,8.0,3,97.01
325,2,16,7,52,,707.2,284.85,0.0392,3414.25,40958.88,4.0,7,90.67
547,1,3,3,,,832.92,276.59,0.0382,20.01,56556.23,8.0,6,97.99
757,2,17,7,,,716.37,304.79,0.0314,2551.26,57881.31,4.0,2,91.84
453,1,4,3,,,763.41,275.14,0.0243,2943.86,44161.64,4.0,6,89.81
457,2,9,2,,,706.19,275.0,0.0318,2973.83,41914.31,4.0,1,90.54
694,3,4,9,28,,426.73,316.18,0.0763,522.07,52711.17,6.0,2,71.12
438,2,9,2,40,,722.03,285.69,0.0392,2548.85,55486.03,8.0,1,92.57
455,3,14,9,41,,529.19,328.96,0.0425,2094.79,52410.72,4.0,1,88.2
148,1,16,7,10,,854.09,288.13,0.0193,1947.57,56288.21,8.0,6,100.48
728,2,5,3,27,,725.11,284.56,0.0244,1067.18,38844.66,4.0,4,92.96
573,3,6,3,,,392.35,305.51,0.0566,1462.96,45914.02,8.0,0,65.39
504,5,6,10,17,,45.8,290.97,0.0311,2199.85,49621.32,8.0,6,91.6
488,5,4,3,72,,47.74,287.89,0.0346,1122.29,41256.94,8.0,0,95.48
710,1,5,1,39,,794.36,294.39,0.0151,682.38,48592.25,4.0,1,93.45
644,1,4,2,77,,844.4,284.06,0.0339,2400.63,51699.34,8.0,4,99.34
705,2,17,7,,,687.71,280.32,0.022,766.48,44806.26,8.0,2,88.17
516,1,6,1,59,,849.22,287.12,0.0091,1221.99,40624.64,6.0,0,99.91
708,2,16,7,25,,717.29,287.86,0.0095,443.08,51884.88,8.0,3,91.96
134,5,14,9,,,44.73,283.98,0.0057,691.25,47685.1,8.0,6,89.46
34,3,17,3,66,,550.79,296.51,0.0346,3220.74,30256.81,8.0,0,91.8
211,2,6,3,,,689.37,296.08,0.0147,2993.71,49595.03,8.0,5,88.38
747,2,17,2,14,,745.02,298.5,0.0055,605.35,42339.96,8.0,3,95.52
773,2,4,3,,,772.72,275.77,0.0115,2922.42,51470.51,8.0,1,99.07
389,2,17,3,58,,763.61,289.96,0.016,1737.88,47318.03,8.0,8,97.9
370,3,17,3,12,,463.68,308.47,0.0447,794.43,48404.36,6.0,5,77.28
418,1,14,2,,,846.87,294.12,0.0179,1390.31,38255.72,8.0,7,99.63
536,3,4,3,21,,444.13,315.67,0.0216,1276.17,53132.26,8.0,1,74.02
204,1,18,3,18,,840.61,275.0,0.0304,1249.56,43570.37,6.0,4,98.9
683,2,14,4,72,,701.34,284.08,0.0221,353.11,42616.44,8.0,2,89.92
55,4,16,8,,,883.26,289.15,0.0288,2315.48,41054.73,8.0,1,92.97
533,3,16,4,42,,464.56,312.67,0.0503,66.76,50237.04,4.0,4,77.43
783,1,14,1,54,,782.76,281.67,0.0062,1722.72,49133.33,8.0,4,92.09
138,1,14,3,,,810.86,294.22,0.0222,1647.02,49075.68,4.0,8,95.4
576,4,17,8,34,,897.09,298.9,0.0173,103.37,57555.66,8.0,5,94.43
47,1,9,7,,,812.53,285.98,0.0318,1501.38,50503.06,8.0,6,95.59
366,2,3,3,35,,752.12,275.0,0.0073,598.38,44098.25,8.0,6,96.43
552,1,16,3,80,,847.61,278.35,0.0143,1325.19,51919.17,8.0,0,99.72
400,1,4,3,15,,822.6,283.14,0.0318,3393.15,44790.79,8.0,4,96.78
207,2,4,3,41,,691.22,296.11,0.0399,2601.39,46040.55,4.0,3,88.62
95,3,18,3,,,417.41,314.82,0.0495,2282.12,40677.65,8.0,2,69.57
310,2,8,4,,,718.17,282.77,0.023,3083.73,51431.2,8.0,8,92.07
643,3,5,9,30,,562.04,320.98,0.0454,2985.45,53429.07,4.0,4,93.67
445,5,3,9,29,,47.01,291.12,0.0134,2955.21,52928.67,8.0,6,94.02
421,1,4,2,,,777.5,286.91,0.029,529.12,42722.6,8.0,3,91.47
29,1,8,3,68,,857.54,292.61,0.0198,958.13,56113.11,8.0,3,100.89
30,1,8,2,,,752.67,285.6,0.0069,1046.44,55930.11,4.0,5,88.55
66,5,14,3,,,49.76,275.0,0.0189,396.2,54796.21,8.0,2,99.52
753,2,4,7,70,,695.55,276.84,0.016,3274.57,54646.68,8.0,6,89.17
224,1,5,2,,,796.56,279.91,0.0139,1314.59,49789.62,4.0,7,93.71
116,1,14,3,,,854.45,301.67,0.0177,2260.66,52313.42,8.0,4,100.52
621,1,3,2,36,,790.51,275.07,0.0274,1874.51,52012.34,8.0,6,93.0
243,4,14,8,78,,112.0,771.64,3.5443,1044.49,95342.56,8.0,0,11.79
165,5,9,9,57,,44.22,297.95,0.0379,2512.26,47421.83,8.0,6,88.44
103,4,8,8,30,,910.36,276.92,0.0335,2668.1,52755.71,8.0,7,95.83
657,2,16,3,1,,706.69,284.42,0.0089,2401.71,42992.07,4.0,2,90.6
328,2,5,7,25,,746.53,297.85,0.0165,1289.76,43635.95,6.0,1,95.71
403,4,18,5,2,,838.84,277.73,0.013,919.93,39779.53,8.0,7,88.3
173,1,18,3,,,764.49,284.04,0.0385,2516.45,41402.46,8.0,1,89.94
446,3,16,9,17,,509.85,301.67,0.071,1340.35,49553.05,6.0,2,84.97
442,4,18,5,,,870.95,284.32,0.0193,828.02,40918.86,8.0,4,91.68
462,5,9,9,,,46.98,280.53,0.0054,2405.55,40664.1,6.0,5,93.96
731,2,14,7,11,,742.88,305.52,0.0215,891.53,45086.03,8.0,0,95.24
635,2,14,7,19,,776.87,293.95,0.0064,1727.48,41587.44,4.0,2,99.6
348,4,5,8,27,,901.51,290.51,0.0065,3242.2,40557.43,8.0,4,94.9
290,5,8,9,,,50.02,291.1,0.0231,2580.36,46715.51,8.0,2,100.04
504,3,5,9,8,,391.21,303.05,0.0173,1530.32,36505.6,6.0,5,65.2
507,1,9,3,65,,760.43,287.14,0.0172,2923.16,42074.67,8.0,4,89.46
768,2,8,3,,,784.92,283.55,0.0234,865.32,49415.76,8.0,6,100.63
511,3,9,3,40,,566.08,299.27,0.0393,542.45,53228.71,8.0,0,94.35
84,2,16,4,,,713.71,284.09,0.0065,3316.23,50447.3,8.0,7,91.5
752,5,18,10,30,,44.32,282.01,0.0275,1917.31,44463.42,8.0,0,88.64
617,2,14,7,25,,784.26,290.3,0.0348,2266.85,41258.81,8.0,6,100.55
670,1,8,3,,,829.32,285.41,0.0373,2330.99,56074.69,8.0,2,97.57
377,2,16,4,,,734.71,280.26,0.0315,2209.25,54219.89,6.0,2,94.19
96,1,9,3,,,819.56,284.76,0.03,298.48,56613.35,4.0,8,96.42
480,2,16,7,21,,699.36,300.59,0.0233,272.48,43909.63,4.0,0,89.66
47,2,17,4,58,,733.52,279.2,0.0302,2051.56,54256.5,8.0,5,94.04
516,1,16,2,,,841.14,295.97,0.0297,2185.22,44278.93,6.0,7,98.96
272,1,5,2,26,,830.55,290.33,0.0261,1872.64,55432.32,6.0,1,97.71
6,2,3,3,,,733.06,278.31,0.031,2166.66,52518.23,8.0,6,93.98
632,2,14,7,13,,700.1,294.58,0.0117,736.26,54319.36,8.0,3,89.76
665,1,6,3,,,842.83,284.7,0.0319,412.02,40963.31,8.0,6,99.16
157,3,16,9,67,,540.56,315.48,0.0281,1171.81,44235.76,8.0,3,90.09
106,2,14,4,,,761.14,287.19,0.0259,1708.8,49086.09,8.0,4,97.58
498,2,18,4,33,,692.56,298.41,0.0244,413.71,43356.98,6.0,6,88.79
638,5,9,3,,,44.14,289.25,0.0151,816.2,41844.03,6.0,5,88.28
225,2,9,4,19,,716.15,283.13,0.0342,2800.14,51462.15,6.0,5,91.81
166,2,8,2,,,699.49,275.0,0.012,3300.98,50114.98,6.0,1,89.68
506,1,6,1,,,787.65,287.18,0.0111,2824.82,55189.23,8.0,8,92.66
346,2,18,3,17,,709.12,300.0,0.014,2696.48,44806.48,8.0,5,90.91
571,1,5,1,,,850.39,279.82,0.0345,2135.75,40218.62,4.0,1,100.05
105,4,3,8,15,,850.58,291.37,0.0122,2480.03,45232.77,8.0,6,89.53
781,2,4,3,,,720.33,298.08,0.0204,2922.67,46315.0,8.0,0,92.35
486,1,17,2,12,,789.15,299.84,0.0314,2637.46,45212.87,8.0,3,92.84
543,2,6,3,,,728.32,280.54,0.0348,1551.81,53892.15,8.0,5,93.37
11,3,17,3,12,,426.11,329.37,0.0257,3159.28,31536.71,8.0,0,71.02
60,5,17,3,59,,49.76,292.78,0.0295,32.62,55470.93,8.0,5,99.52
287,5,18,10,,,46.9,290.79,0.0326,2715.02,51040.74,6.0,5,93.8
309,1,17,7,55,,827.44,297.64,0.0358,752.0,48409.39,8.0,8,97.35
524,2,17,7,,,702.63,302.06,0.0257,3454.41,42826.8,6.0,4,90.08
114,3,9,8,,,434.44,296.67,0.0573,2580.32,33118.75,4.0,2,72.41
465,1,6,2,50,,779.44,290.49,0.0325,1821.23,52297.09,6.0,2,91.7
254,1,17,2,,,787.92,298.3,0.034,3110.34,39638.94,6.0,0,92.7
488,1,4,7,,,792.5,295.29,0.0246,1748.4,53576.49,4.0,4,93.24
434,5,16,9,,,49.35,290.57,0.0299,417.61,40587.7,4.0,8,98.7
218,2,3,3,,,723.85,291.29,0.0383,390.62,50032.0,6.0,6,92.8
379,2,3,3,17,,717.32,283.3,0.006,1479.04,40857.39,4.0,6,91.96
313,4,6,5,70,,896.37,292.74,0.0093,1686.71,44972.98,6.0,0,94.35
318,2,9,4,67,,759.41,277.33,0.0227,525.69,47218.72,6.0,7,97.36
746,1,18,3,55,,847.48,279.64,0.0169,2262.48,38916.39,8.0,7,99.7
170,3,18,8,79,,385.99,314.58,0.0275,3350.74,45467.6,8.0,4,64.33
535,1,16,1,17,,851.45,288.67,0.0325,2825.19,42905.73,8.0,7,100.17
622,1,18,1,69,,851.19,289.42,0.0169,1114.25,41610.16,4.0,0,100.14
264,1,4,2,40,,768.18,288.53,0.0383,3364.13,51572.17,4.0,0,90.37
186,1,3,7,55,,783.36,283.4,0.0194,3295.81,44484.36,6.0,6,92.16
124,1,6,2,70,,831.14,285.03,0.0071,1697.18,47296.47,8.0,6,97.78
418,2,3,7,78,,745.84,290.62,0.0086,1069.62,53259.57,8.0,6,95.62
417,2,17,3,,,700.84,283.3,0.0136,151.06,57052.25,6.0,8,89.85
476,5,18,3,,,45.09,286.78,0.0071,881.86,56436.21,4.0,4,90.18
697,2,9,3,,,738.15,300.58,0.0247,2907.59,44012.77,8.0,6,94.63
743,2,8,4,30,,737.59,291.7,0.0331,3428.84,55678.63,8.0,5,94.56
725,2,6,7,48,,733.02,286.84,0.0292,1670.47,50928.87,4.0,0,93.98
10,3,14,9,,,473.01,322.56,0.0572,2354.5,31938.08,6.0,0,78.83
362,5,14,9,51,,45.15,287.16,0.0319,1622.11,51940.6,8.0,0,90.3
198,2,6,2,,,755.41,286.68,0.0336,3430.52,50504.73,8.0,3,96.85
372,1,16,2,1,,856.76,282.95,0.0273,1753.64,40218.93,4.0,4,100.8
175,2,18,3,10,,699.4,293.69,0.0249,675.52,42559.3,8.0,8,89.67
695,1,17,7,,,845.58,290.47,0.0051,1516.76,46542.29,8.0,0,99.48
417,1,17,3,70,,805.16,300.31,0.0066,1110.27,56367.83,6.0,8,94.72
402,1,4,1,,,772.93,291.45,0.0291,579.86,57155.51,8.0,3,90.93
319,1,4,1,68,,837.29,278.62,0.0167,838.07,43008.19,6.0,1,98.5
349,4,9,5,,,931.81,281.84,0.0267,441.27,53281.97,4.0,7,98.09
63,5,14,3,,,48.51,288.58,0.0331,360.89,39095.78,8.0,6,97.02
58,2,8,4,57,,748.99,285.2,0.0194,1346.8,55291.65,6.0,0,96.02
439,4,18,8,29,,951.79,289.81,0.0165,2085.14,41849.63,8.0,1,100.19
70,2,6,3,,,712.39,279.39,0.0197,854.82,52492.46,8.0,7,91.33
46,1,8,3,72,,820.01,281.37,0.0239,2113.64,40912.49,8.0,7,96.47
299,2,3,3,9,,737.82,296.26,0.0342,1206.64,55174.04,6.0,6,94.59
206,2,6,2,48,,754.12,280.29,0.026,1052.21,44622.91,4.0,5,96.68
337,1,16,1,70,,849.65,275.0,0.0274,749.92,51864.41,4.0,7,99.96
493,3,9,9,29,,398.69,329.65,0.0386,407.59,31843.28,4.0,0,66.45
298,2,18,7,7,,689.41,289.59,0.036,864.65,52376.73,4.0,5,88.39
201,1,8,1,3,,822.86,292.69,0.0183,3276.72,53748.28,8.0,1,96.81
313,2,9,7,,,781.83,315.59,0.0359,509.79,55567.76,8.0,1,100.23
134,3,6,9,,,426.77,310.03,0.0563,665.91,53025.34,4.0,4,71.13
549,1,5,7,35,,817.56,284.0,0.0148,3100.99,40529.17,4.0,8,96.18
215,3,16,3,24,,441.5,325.88,0.0638,630.6,39356.65,6.0,4,73.58
730,2,16,4,67,,745.33,278.85,0.0277,3021.77,42143.99,6.0,3,95.56
406,1,14,3,80,,851.37,277.21,0.0181,1036.19,49011.04,8.0,2,100.16
532,2,18,2,66,,749.38,279.97,0.0193,1341.39,54090.09,8.0,5,96.07
184,2,8,2,51,,694.76,292.02,0.0345,3243.49,48255.82,8.0,1,89.07
101,1,9,1,77,,784.88,285.25,0.0311,2471.22,53369.66,8.0,4,92.34
142,5,17,3,2,,45.95,282.59,0.0338,2877.41,53662.57,6.0,6,91.9
776,3,16,4,,,407.79,320.32,0.0286,2652.89,35843.08,4.0,4,67.97
740,4,9,8,27,,859.2,289.56,0.0123,1314.58,46999.44,8.0,8,90.44
592,4,8,8,43,,917.37,275.72,0.0174,2671.13,42509.81,6.0,6,96.57
708,2,9,2,80,,689.67,302.12,0.0398,718.7,49363.82,6.0,6,88.42
401,1,14,2,67,,784.34,304.88,0.0387,604.13,50780.07,8.0,4,92.28
692,2,3,4,4,,706.58,294.71,0.0122,249.58,43822.11,4.0,6,90.59
59,2,3,3,46,,778.65,283.82,0.0187,1879.9,57791.9,8.0,6,99.83
490,3,14,4,19,,403.19,310.13,0.0611,3287.34,41869.5,4.0,4,67.2
602,1,16,7,29,,857.51,275.0,0.0262,3077.94,42936.8,4.0,5,100.88
472,2,3,2,41,,775.73,292.99,0.021,1371.86,52006.33,8.0,6,99.45
180,2,5,4,65,,778.76,292.21,0.0188,961.85,56913.75,8.0,3,99.84
644,2,4,3,,,728.1,297.48,0.0317,2645.11,40424.61,8.0,5,93.35
517,3,9,9,64,,413.08,312.71,0.045,1337.14,31829.89,6.0,5,68.85
764,2,6,4,6,,711.81,286.9,0.0285,293.51,47284.91,8.0,7,91.26
673,1,16,2,66,,778.85,283.81,0.0106,1033.04,54769.92,8.0,1,91.63
548,3,5,3,,,362.35,304.56,0.0436,3124.94,34448.51,8.0,5,60.39
546,1,3,1,55,,782.07,288.73,0.032,1314.38,53342.28,8.0,6,92.01
245,1,3,3,4,,749.61,288.25,0.0337,775.88,51599.19,8.0,6,88.19
99,3,5,4,7,,467.63,323.55,0.036,3270.47,45669.66,8.0,4,77.94
405,5,4,10,30,,46.32,291.75,0.0161,235.73,45783.73,8.0,7,92.64
286,2,9,2,10,,708.56,295.2,0.0156,2770.45,49977.38,4.0,1,90.84
583,1,4,7,,,824.94,278.62,0.0293,240.96,44640.93,6.0,5,97.05
19,2,18,4,54,,751.36,275.0,0.0131,79.14,49749.37,8.0,0,96.33
778,4,8,5,63,,929.52,285.95,0.0181,719.33,43932.29,6.0,2,97.84
39,1,18,3,,,784.32,286.08,0.0147,2772.27,50872.04,4.0,0,92.27
425,2,8,2,33,,760.71,285.01,0.0069,2130.18,56353.56,8.0,3,97.53
391,2,5,4,,,692.95,292.54,0.0222,3284.27,57073.22,8.0,0,88.84
129,1,18,2,34,,756.64,286.92,0.0303,875.15,42898.5,4.0,2,89.02
293,2,6,7,,,735.19,281.17,0.0383,1650.14,45191.64,8.0,6,94.26
433,2,14,3,,,766.87,295.78,0.0349,1882.51,53177.17,4.0,4,98.32
567,3,8,9,65,,455.26,308.13,0.0544,689.03,31798.49,6.0,1,75.88
195,1,17,7,69,,850.29,288.97,0.0379,1715.98,57409.85,6.0,5,100.03
657,5,4,3,,,50.45,301.16,0.0107,1786.08,53259.02,8.0,4,100.9
501,2,9,2,,,780.35,301.08,0.0307,2210.18,42847.06,8.0,0,100.04
693,1,5,7,,,852.34,291.63,0.0252,412.97,51252.09,8.0,2,100.28
95,2,14,4,,,785.18,292.82,0.0078,2904.97,56198.98,8.0,6,100.66
259,3,17,9,,,514.13,321.34,0.0751,2719.54,51735.45,4.0,0,85.69
353,4,8,5,80,,885.15,279.58,0.0336,1839.74,38031.57,6.0,1,93.17
671,1,14,2,25,,768.6,310.03,0.0097,1580.06,47729.43,8.0,8,90.42
218,1,3,2,,,769.2,304.12,0.0204,3039.93,56259.43,8.0,6,90.49
171,1,4,3,18,,755.1,286.27,0.006,38.23,42695.6,8.0,7,88.84
273,3,3,3,14,,469.69,295.25,0.0542,1658.95,54672.42,6.0,2,78.28
346,2,9,7,,,721.19,285.64,0.0176,3056.41,45969.43,8.0,0,92.46
103,1,14,2,4,,761.58,293.43,0.0236,1584.45,57021.24,8.0,3,89.6
703,3,16,9,,,360.66,317.33,0.0762,3057.65,38054.59,8.0,5,60.11
754,1,16,2,,,792.22,285.49,0.02,2571.3,56629.67,8.0,7,93.2
301,2,5,2,18,,767.2,285.86,0.0155,592.34,51461.24,6.0,8,98.36
457,5,16,9,76,,45.58,297.21,0.0295,3251.87,40109.39,8.0,0,91.16
335,5,8,10,,,48.33,304.87,0.0383,2219.25,51412.03,4.0,2,96.66
504,1,9,2,,,832.68,278.73,0.0182,3382.04,52348.85,4.0,6,97.96
448,4,6,6,10,,846.83,281.2,0.0081,2007.07,52811.62,8.0,3,89.14
131,4,14,8,27,,908.87,290.93,0.0198,2324.78,53425.62,4.0,2,95.67
605,1,14,1,76,,798.9,295.37,0.0101,2381.53,56857.8,6.0,3,93.99
151,2,5,2,,,717.72,292.1,0.0399,1735.11,52130.45,8.0,7,92.02
722,5,3,3,22,,48.66,287.75,0.0347,2452.92,56688.66,8.0,6,97.32
54,5,5,3,,,45.94,295.01,0.0106,1481.42,38431.32,8.0,6,91.88
485,5,14,3,11,,48.72,275.0,0.0149,345.13,56461.28,6.0,8,97.44
332,3,18,3,,,509.01,311.01,0.0256,1022.33,33439.02,6.0,5,84.83
149,1,6,1,51,,842.6,299.25,0.035,3241.32,45531.12,8.0,6,99.13
99,2,16,3,,,698.3,296.39,0.023,2196.27,44769.72,8.0,6,89.53
414,1,4,2,56,,781.45,283.95,0.0311,3027.81,53517.0,6.0,1,91.94
666,2,16,7,2,,698.23,285.2,0.0093,85.48,50828.19,8.0,8,89.52
587,5,16,3,,,44.61,281.43,0.04,442.7,52054.74,4.0,4,89.22
334,1,17,2,57,,825.43,283.66,0.0188,228.44,54349.26,6.0,8,97.11
599,2,4,3,,,777.42,292.56,0.0113,141.81,49094.44,8.0,5,99.67
589,1,5,1,79,,842.09,297.81,0.0062,1275.64,57598.57,8.0,8,99.07
558,1,3,2,43,,852.56,275.0,0.0281,1719.1,46898.41,4.0,6,100.3
321,2,9,3,,,753.59,286.3,0.0066,2997.02,38734.68,8.0,2,96.61
221,5,18,9,31,,46.33,295.72,0.0076,1403.21,43099.35,8.0,6,92.66
86,5,14,9,21,,45.32,296.07,0.027,1974.93,43387.99,8.0,3,90.64
664,4,18,5,36,,854.96,296.52,0.0059,440.55,50072.14,8.0,1,90.0
113,3,14,3,47,,378.68,326.82,0.0656,39.47,33658.24,8.0,1,63.11
387,5,6,3,,,49.09,287.6,0.0093,2875.59,48529.51,4.0,4,98.18
502,1,9,7,78,,815.13,291.9,0.0381,1933.09,45791.27,4.0,5,95.9
413,2,5,7,2,,738.48,285.04,0.0104,2575.3,40527.37,4.0,6,94.68
55,5,9,9,,,48.41,280.29,0.0204,1007.43,45080.03,4.0,7,96.82
439,2,6,7,,,695.22,292.35,0.0157,273.04,53411.57,8.0,1,89.13
246,5,5,9,9,,48.83,279.21,0.0356,3263.88,57243.33,4.0,6,97.66
140,2,17,2,57,,748.89,284.89,0.0369,2625.09,52918.35,4.0,6,96.01
251,5,17,9,,,47.95,299.69,0.0359,267.55,48470.33,8.0,3,95.9
137,2,3,4,70,,703.69,285.36,0.0389,2911.88,44759.17,8.0,6,90.22
121,1,16,7,38,,748.25,282.57,0.0373,3274.27,56582.18,8.0,8,88.03
633,4,3,6,1,,892.85,282.13,0.0154,3116.24,40143.28,8.0,6,93.98
191,2,3,2,61,,706.43,275.0,0.0194,548.93,56262.18,8.0,6,90.57
405,2,9,4,,,740.79,284.89,0.0144,493.86,57787.38,8.0,7,94.97
766,2,9,3,16,,715.29,293.58,0.0166,3359.15,38632.13,6.0,3,91.7
273,1,16,3,,,826.93,294.23,0.0164,2542.35,53287.85,4.0,6,97.29
760,4,14,5,10,,849.32,292.61,0.0225,2375.69,53347.7,8.0,3,89.4
351,2,18,2,61,,715.75,288.62,0.022,537.97,53218.0,4.0,3,91.76
524,1,8,1,,,857.87,288.25,0.0119,2140.8,52129.22,4.0,1,100.93
194,5,18,9,,,45.49,302.83,0.0096,1494.93,38767.33,8.0,3,90.98
632,1,3,3,58,,781.86,284.12,0.0168,1497.62,47583.9,4.0,6,91.98
53,1,8,7,40,,786.79,283.69,0.0196,147.91,44396.82,8.0,0,92.56
54,3,9,4,40,,418.83,316.23,0.043,1173.32,36306.58,8.0,3,69.8
115,1,3,2,47,,829.91,279.05,0.0235,739.07,45431.85,8.0,6,97.64
394,1,4,2,,,814.5,298.63,0.0064,2467.79,57366.6,8.0,3,95.82
102,1,17,7,43,,800.4,288.68,0.0104,2492.05,40556.64,4.0,6,94.16
778,4,17,6,77,,891.39,278.14,0.0301,1469.42,56216.98,6.0,1,93.83
516,3,5,8,,,387.08,296.59,0.0518,2593.8,49859.76,8.0,5,64.51
408,2,17,2,24,,762.52,277.62,0.019,564.21,43429.88,8.0,2,97.76
224,2,3,4,71,,759.47,297.25,0.0141,2480.35,55049.5,8.0,6,97.37
566,1,6,1,75,,780.25,275.79,0.0147,3463.43,40659.43,8.0,0,91.79
216,2,3,7,,,784.98,275.0,0.0164,927.81,56928.56,4.0,6,100.64
137,2,18,7,46,,692.21,294.0,0.0127,3400.76,57304.55,8.0,2,88.74
551,3,18,3,,,504.5,328.1,0.0317,725.53,45655.74,4.0,4,84.08
453,1,8,2,,,837.25,275.0,0.0314,1293.4,41112.83,6.0,3,98.5
491,1,5,3,26,,843.29,291.48,0.0305,574.4,50951.29,8.0,0,99.21
182,4,18,5,6,,844.9,296.61,0.0136,2536.45,56182.62,8.0,6,88.94
141,3,3,3,53,,364.35,323.93,0.0646,872.96,46112.05,8.0,0,60.73
86,1,18,1,,,749.04,290.59,0.0336,491.61,55054.4,8.0,1,88.12
778,2,16,3,44,,734.96,278.34,0.0135,435.15,48870.53,4.0,4,94.23
146,1,6,1,32,,790.58,284.02,0.0373,597.61,51688.35,6.0,1,93.01
113,1,8,7,11,,784.88,293.24,0.0176,2117.75,56494.04,8.0,1,92.34
183,2,9,3,,,701.63,284.63,0.0336,3207.24,44967.71,8.0,1,89.95
678,2,8,2,,,773.78,282.12,0.0392,521.49,53555.68,8.0,2,99.2
458,3,16,3,16,,449.77,320.43,0.0244,2687.54,38076.34,8.0,1,74.96
362,1,14,3,,,793.74,289.95,0.0331,1468.22,51079.08,6.0,3,93.38
510,2,16,3,54,,745.31,281.06,0.0198,827.0,49557.53,8.0,3,95.55
3,1,3,7,79,,853.82,290.46,0.0172,1034.97,54975.03,8.0,6,100.45
148,4,17,7,21,,938.24,286.66,0.007,2567.12,40756.03,6.0,2,98.76
713,5,9,10,,,48.31,301.64,0.0355,281.08,38603.71,8.0,5,96.62
79,1,14,2,,,799.91,294.82,0.0099,1443.27,48549.0,6.0,4,94.11
346,2,3,7,16,,692.48,281.19,0.0111,2915.22,41206.98,6.0,6,88.78
697,5,16,9,,,45.68,279.5,0.025,3260.42,44120.68,6.0,3,91.36
279,5,17,3,,,44.81,290.64,0.0127,2946.79,41673.88,4.0,8,89.62
710,2,9,4,,,703.11,298.8,0.0331,383.86,50932.94,8.0,3,90.14
80,2,9,2,34,,702.9,292.33,0.0054,710.03,56193.74,4.0,3,90.12
34,1,4,1,79,,835.32,291.42,0.0066,3431.99,44291.61,8.0,4,98.27
770,1,14,2,45,,791.17,285.4,0.0286,1760.11,44626.36,8.0,8,93.08
154,1,14,3,,,842.15,291.32,0.0152,3098.79,41030.76,8.0,7,99.08
96,5,6,10,,,48.25,288.56,0.0387,1568.94,48326.02,8.0,8,96.5
135,1,9,3,6,,826.76,283.29,0.0289,1986.32,42782.21,8.0,1,97.27
510,1,3,2,,,782.2,297.62,0.0363,1101.45,47978.25,6.0,6,92.02
303,1,8,7,50,,755.86,277.43,0.0299,2672.2,47214.82,8.0,7,88.92
453,3,5,3,,,462.53,307.72,0.0336,1545.69,40225.83,8.0,4,77.09
525,4,9,6,8,,887.03,275.0,0.0397,2450.61,38853.51,8.0,0,93.37
575,1,4,7,53,,811.0,293.06,0.0349,1224.54,42461.03,8.0,7,95.41
112,1,4,3,,,770.04,284.68,0.0399,977.92,47725.9,8.0,7,90.59
40,2,16,3,,,718.87,294.15,0.0061,3277.93,50021.55,8.0,6,92.16
371,3,16,4,8,,542.28,328.34,0.0594,297.15,36746.2,8.0,5,90.38
71,1,4,7,,,797.88,283.14,0.0363,3132.87,41681.57,8.0,0,93.87
439,1,8,2,28,,852.08,290.68,0.0219,1244.65,48710.13,6.0,2,100.24
710,2,3,3,11,,754.13,282.74,0.0395,54.58,56779.38,8.0,6,96.68
470,5,16,3,16,,50.3,283.27,0.0192,3301.92,48413.83,6.0,0,100.6
129,2,18,2,6,,762.01,292.72,0.0321,738.12,50018.87,8.0,3,97.69
196,5,18,10,52,,46.36,299.42,0.0156,2272.95,44139.31,6.0,1,92.72
467,2,9,7,,,729.58,295.14,0.0374,1936.87,47176.47,8.0,5,93.54
167,2,14,7,,,756.22,286.83,0.0203,2821.76,43664.97,8.0,1,96.95
107,1,3,3,15,,830.87,280.85,0.0272,2338.65,48067.23,8.0,6,97.75
431,1,16,3,17,,842.63,280.96,0.0383,3178.44,45012.27,6.0,7,99.13
661,3,14,3,,,524.26,312.76,0.0324,2358.19,46467.05,6.0,2,87.38
5,5,14,10,3,,45.0,277.62,0.0337,3357.27,49998.91,8.0,5,90.0
441,1,14,2,,,791.46,298.46,0.0068,3288.17,56638.81,8.0,6,93.11
400,5,5,3,,,47.36,284.62,0.033,2931.5,48085.14,8.0,6,94.72
163,5,6,10,14,,46.84,289.4,0.027,2477.98,49865.76,4.0,0,93.68
81,2,3,3,,,750.73,288.89,0.0278,1876.28,42435.1,8.0,6,96.25
252,3,14,8,,,417.74,327.72,0.0558,392.71,45959.66,8.0,4,69.62
611,1,5,7,37,,767.96,282.94,0.0077,356.85,54892.47,6.0,3,90.35
23,2,16,2,30,,728.98,296.72,0.0208,3163.22,41222.07,8.0,4,93.46
676,2,18,2,17,,721.16,280.76,0.0171,558.57,57898.32,8.0,8,92.46
760,1,4,2,,,807.22,275.0,0.0126,1149.75,45297.81,8.0,3,94.97
226,1,5,7,39,,770.02,286.47,0.0082,2609.45,52161.67,6.0,4,90.59
508,2,14,3,36,,706.46,295.22,0.0387,2780.38,40057.89,8.0,4,90.57
740,2,16,4,,,713.95,277.53,0.0162,703.02,40151.18,6.0,6,91.53
362,2,4,4,24,,689.82,277.39,0.0153,1397.08,54533.73,8.0,8,88.44
118,1,9,3,,,787.53,287.24,0.0075,2729.4,51139.09,8.0,5,92.65
126,1,3,7,30,,810.71,285.47,0.0073,1847.78,43672.29,8.0,6,95.38
106,2,18,2,,,751.93,293.24,0.0289,693.95,46704.11,8.0,5,96.4
506,2,8,4,17,,732.31,279.4,0.0133,3457.9,38425.37,4.0,0,93.89
473,1,14,1,,,849.44,281.63,0.0064,337.44,50895.51,6.0,1,99.93
426,3,8,8,,,444.07,314.48,0.0354,2439.12,45308.02,8.0,3,74.01
466,2,4,7,,,696.82,290.43,0.0099,599.82,57870.81,8.0,6,89.34
196,3,9,3,,,542.28,304.09,0.066,926.73,32770.09,8.0,2,90.38
705,2,14,7,,,780.18,302.75,0.0254,2636.86,40398.03,8.0,5,100.02
424,2,4,3,,,753.45,294.97,0.0306,2491.28,42516.61,8.0,4,96.6
362,2,6,3,,,694.02,286.96,0.0223,2865.7,42249.51,6.0,3,88.98
193,2,9,3,,,763.63,281.09,0.0381,374.28,52170.25,4.0,2,97.9
134,1,9,3,,,843.9,287.39,0.023,976.05,53600.42,8.0,3,99.28
169,3,18,3,21,,544.0,321.08,0.0306,104.91,52352.45,8.0,1,90.67
678,2,9,7,17,,742.2,284.63,0.0189,1547.49,46616.97,8.0,5,95.15
379,1,14,3,28,,768.93,292.38,0.0112,1520.31,43518.51,4.0,7,90.46
698,1,6,1,31,,753.87,294.14,0.0073,2449.8,40020.64,4.0,3,88.69
415,2,4,3,,,775.58,289.4,0.0144,2230.96,42114.11,8.0,3,99.43
723,2,3,2,26,,778.45,278.56,0.0348,1106.32,51758.72,8.0,6,99.8
72,1,9,3,20,,749.41,278.9,0.0216,3085.0,44681.08,8.0,2,88.17
175,3,3,8,,,482.46,312.09,0.0311,2381.76,32734.65,4.0,0,80.41
298,4,17,5,65,,931.74,299.68,0.0167,904.4,47813.24,4.0,5,98.08
499,1,16,1,,,781.28,296.49,0.0167,948.43,48356.62,8.0,7,91.92
532,3,3,4,,,539.82,318.08,0.0242,2594.84,42445.81,4.0,1,89.97
442,2,4,3,,,724.71,292.98,0.0269,616.46,48898.33,4.0,7,92.91
696,1,9,3,,,852.45,292.02,0.0147,2920.43,41811.45,8.0,8,100.29
126,2,16,7,41,,784.7,275.83,0.0213,1955.7,41004.56,4.0,4,100.6
167,1,8,1,,,749.72,288.08,0.0064,1711.84,43660.35,8.0,1,88.2
52,1,9,7,,,803.47,297.92,0.0384,1515.02,52263.94,8.0,2,94.53
83,1,3,3,,,775.48,285.36,0.0287,3384.34,45724.82,6.0,6,91.23
101,4,8,6,15,,889.82,298.28,0.0099,1460.01,53353.21,8.0,4,93.67
205,1,4,7,80,,817.43,277.84,0.0241,489.44,45519.32,8.0,6,96.17
453,3,17,8,66,,449.81,309.72,0.0417,3351.43,30691.82,8.0,4,74.97
432,1,5,7,,,812.13,280.22,0.0365,445.15,55556.1,6.0,0,95.54
687,1,17,3,,,757.35,295.97,0.0145,2082.22,57723.47,8.0,1,89.1
298,2,9,2,18,,745.68,275.32,0.0296,481.73,48325.28,6.0,8,95.6
692,2,5,7,,,759.32,287.14,0.0378,239.66,54112.34,8.0,3,97.35
157,2,4,2,35,,696.91,297.38,0.0187,1695.6,56520.89,6.0,4,89.35
189,4,17,6,70,,920.14,289.47,0.0351,2228.51,50343.17,8.0,6,96.86
190,1,6,2,72,,825.31,290.81,0.0151,2338.61,40000.39,8.0,7,97.1
401,2,4,4,59,,729.48,296.71,0.006,2033.98,47141.65,8.0,6,93.52
35,2,18,4,6,,778.38,296.74,0.0303,1754.73,43538.08,8.0,2,99.79
516,1,17,3,72,,767.28,285.92,0.0103,2504.56,51118.67,6.0,5,90.27
144,1,8,3,10,,840.75,275.0,0.0262,910.99,41607.49,4.0,8,98.91
715,1,18,7,,,839.7,290.09,0.0074,342.41,38590.44,8.0,2,98.79
109,2,16,7,,,785.91,292.67,0.0133,2646.57,55995.89,6.0,2,100.76
431,5,3,9,36,,44.24,275.88,0.0312,2124.83,46830.57,8.0,6,88.48
31,5,9,10,,,46.45,298.42,0.012,793.11,43049.9,8.0,7,92.9
760,1,17,2,13,,750.68,287.27,0.0386,3127.05,39924.12,8.0,0,88.32
369,3,18,3,48,,503.3,328.52,0.0623,1998.44,43203.86,8.0,1,83.88
486,2,9,3,,,730.9,276.52,0.0249,357.69,40543.85,8.0,8,93.71
511,1,18,7,4,,838.76,276.45,0.0151,242.5,54562.97,8.0,6,98.68
162,5,4,9,,,49.55,296.57,0.019,1651.07,39132.96,4.0,1,99.1
270,3,3,8,59,,402.11,326.08,0.0189,3234.99,35105.83,8.0,5,67.02
680,5,3,10,70,,49.24,284.09,0.0247,1213.73,50200.03,8.0,6,98.48
73,5,18,9,,,44.52,275.0,0.0145,1779.08,38834.82,6.0,0,89.04
311,3,6,3,,,365.53,322.36,0.0278,1935.97,45203.47,8.0,3,60.92
54,2,14,3,61,,729.68,281.85,0.0098,681.79,46759.06,8.0,5,93.55
448,5,6,10,13,,44.07,276.58,0.0333,3057.03,48724.35,8.0,0,88.14
256,4,4,8,11,,858.3,294.95,0.0065,458.36,44993.35,8.0,3,90.35
408,2,4,2,11,,781.55,291.42,0.0335,2497.4,55952.8,6.0,3,100.2
376,3,8,4,74,,416.18,319.42,0.0477,1704.3,31349.94,4.0,3,69.36
81,1,5,2,43,,809.1,300.03,0.0093,3422.79,52498.22,8.0,2,95.19
716,2,16,2,3,,771.2,286.64,0.0155,2991.74,57301.93,8.0,0,98.87
394,2,14,4,63,,709.16,298.57,0.0183,2313.11,51198.51,8.0,8,90.92
33,2,9,2,,,762.9,280.26,0.0142,1196.6,53066.37,8.0,3,97.81
637,2,14,2,,,742.5,300.86,0.0383,1624.94,56649.45,4.0,4,95.19
587,3,17,8,23,,440.07,321.1,0.0751,2799.56,33296.82,8.0,0,73.34
281,1,6,7,48,,791.6,282.33,0.0281,1077.6,53648.53,8.0,0,93.13
677,1,8,2,63,,749.91,282.97,0.0053,2233.91,38740.08,6.0,5,88.22
570,1,3,1,39,,815.44,286.86,0.0113,912.1,53319.54,8.0,6,95.93
507,1,5,2,,,820.49,290.68,0.0131,3012.69,51092.02,4.0,2,96.53
594,1,17,2,9,,826.96,287.65,0.0287,2515.53,55149.81,4.0,5,97.29
615,1,4,1,71,,760.51,294.16,0.0077,254.52,42080.84,6.0,5,89.47
437,4,5,8,28,,933.34,283.83,0.0278,113.9,47413.7,4.0,4,98.25
378,1,5,1,15,,771.37,295.05,0.016,2496.38,52315.36,4.0,8,90.75
221,2,18,2,,,701.62,288.92,0.0384,1764.72,57172.5,4.0,3,89.95
589,2,14,2,,,739.91,276.46,0.0068,1546.36,47446.58,4.0,8,94.86
276,1,18,7,,,784.32,294.68,0.0131,1560.3,44296.33,8.0,1,92.27
420,2,9,2,,,752.65,275.0,0.0262,1994.85,46979.36,8.0,6,96.49
129,5,6,3,,,48.33,276.76,0.017,1770.07,40359.28,6.0,6,96.66
152,2,6,3,,,687.97,279.22,0.0092,2601.27,43267.52,6.0,8,88.2
130,4,14,8,59,,958.26,298.82,0.0372,1411.1,56085.21,8.0,5,100.87
571,1,8,1,48,,839.13,299.87,0.0168,262.77,50175.15,8.0,1,98.72
364,5,14,9,63,,49.43,285.77,0.0097,537.14,41669.02,8.0,8,98.86
8,2,9,4,54,,730.87,296.83,0.0228,1044.23,49761.62,8.0,1,93.7
350,1,17,3,40,,790.44,288.91,0.0065,1819.38,56901.05,6.0,3,92.99
589,4,9,8,30,,856.45,275.0,0.0151,1013.23,47732.71,8.0,3,90.15
266,5,4,10,,,44.92,292.09,0.0314,1885.02,38547.0,4.0,0,89.84
200,1,3,7,29,,852.07,302.73,0.025,445.99,52641.79,4.0,6,100.24
465,1,4,1,63,,795.77,286.69,0.0398,2813.73,52632.67,8.0,1,93.62
763,3,4,8,22,,430.42,310.87,0.0628,3123.49,46802.04,8.0,0,71.74
40,2,17,7,27,,743.0,303.94,0.0343,483.38,50521.62,8.0,0,95.26
386,4,6,5,23,,854.7,293.08,0.0149,3000.76,41971.46,4.0,1,89.97
768,1,14,1,69,,815.54,276.02,0.0298,1334.11,38776.25,4.0,4,95.95
598,1,9,3,75,,853.45,299.04,0.0356,2094.46,51359.52,6.0,7,100.41
557,2,4,3,16,,775.72,277.36,0.0314,869.65,43745.43,8.0,7,99.45
436,1,16,7,,,786.41,284.64,0.0359,1444.95,54802.42,4.0,7,92.52
241,1,8,2,,,834.5,290.5,0.0071,1442.25,53435.97,8.0,4,98.18
453,2,8,2,38,,760.24,280.09,0.0158,725.67,46196.23,4.0,2,97.47
641,1,18,7,19,,807.64,300.49,0.0383,2732.62,38422.35,8.0,6,95.02
342,5,17,10,,,47.37,284.55,0.0105,2805.49,48713.98,8.0,3,94.74
383,1,6,2,,,751.99,292.05,0.0057,1395.79,56807.1,4.0,1,88.47
497,1,8,7,4,,817.79,287.2,0.0312,463.52,54259.92,6.0,6,96.21
759,4,4,8,7,,925.18,286.06,0.0317,2119.03,46307.6,4.0,0,97.39
156,1,18,3,28,,814.93,285.3,0.0229,713.32,38468.64,6.0,4,95.87
271,5,18,3,53,,46.79,294.54,0.0128,999.06,46126.61,6.0,4,93.58
720,2,6,4,3,,736.8,281.94,0.0241,3413.29,40166.09,4.0,3,94.46
407,3,16,8,67,,382.88,305.87,0.0243,1965.29,45747.85,8.0,0,63.81
213,4,16,5,8,,885.79,292.79,0.0343,2687.09,48468.11,8.0,3,93.24
259,2,9,3,6,,756.26,275.0,0.0144,1911.83,42184.48,6.0,8,96.96
321,5,6,3,65,,47.14,278.58,0.0244,1492.83,52793.7,8.0,1,94.28
80,2,3,3,73,,698.72,293.24,0.009,601.67,55710.06,6.0,6,89.58
538,2,17,4,56,,716.49,303.28,0.0202,1131.74,43884.47,4.0,4,91.86
381,2,5,3,41,,755.86,294.42,0.018,741.11,50090.36,6.0,7,96.91
339,5,5,10,74,,49.39,275.0,0.0053,239.33,46326.06,6.0,2,98.78
6,1,6,2,,,807.42,286.62,0.0214,3092.28,41129.06,4.0,5,94.99
354,2,6,7,40,,778.83,290.48,0.0199,2685.63,52586.46,4.0,5,99.85
261,2,6,2,,,696.84,289.05,0.0247,2258.68,40534.08,4.0,8,89.34
393,1,18,7,,,829.47,292.9,0.0266,14.33,56184.59,8.0,3,97.58
238,5,4,9,21,,45.07,292.99,0.0364,1491.79,39043.78,6.0,8,90.14
484,1,17,1,34,,791.45,282.99,0.0321,2936.08,52124.89,8.0,5,93.11
325,2,18,3,,,782.27,294.32,0.0344,2400.36,49209.72,8.0,7,100.29
572,4,9,5,3,,881.16,277.09,0.0213,2161.32,51400.78,8.0,6,92.75
196,2,5,2,28,,723.0,291.61,0.0165,3225.87,56220.82,4.0,4,92.69
622,1,8,3,56,,858.03,298.0,0.0296,2882.52,43483.48,4.0,0,100.94
736,5,18,9,64,,45.13,288.0,0.0241,2147.16,40077.75,8.0,5,90.26
731,1,5,2,12,,840.16,276.45,0.0092,345.68,46867.56,8.0,0,98.84
558,1,6,1,47,,822.25,301.8,0.0109,54.53,57725.41,4.0,5,96.74
681,2,3,2,28,,763.6,277.93,0.0102,1554.68,43332.72,8.0,6,97.9
283,2,17,4,25,,762.13,288.34,0.0146,1990.77,45013.7,6.0,5,97.71
714,1,16,1,17,,758.01,287.45,0.0305,2761.63,41713.18,8.0,0,89.18
223,2,16,2,,,782.04,283.71,0.038,191.41,55291.72,8.0,2,100.26
723,1,8,2,80,,793.75,299.3,0.0342,3427.58,43455.99,8.0,3,93.38
266,3,8,3,69,,481.53,307.21,0.0567,133.38,41241.83,8.0,5,80.25
600,2,17,3,,,730.39,280.64,0.0151,2905.35,44843.62,4.0,8,93.64
276,1,6,7,31,,776.82,278.38,0.0373,493.65,48340.6,6.0,2,91.39
601,1,18,3,,,847.59,286.35,0.0176,1666.86,56020.48,6.0,2,99.72
345,2,4,3,,,717.46,291.38,0.0213,2833.23,41723.21,6.0,0,91.98
468,2,14,4,67,,711.1,286.19,0.0219,2672.29,46023.06,8.0,0,91.17
520,1,14,7,,,792.28,277.31,0.006,3378.5,48244.09,4.0,4,93.21
537,1,18,2,19,,784.81,308.55,0.0158,1389.0,53316.46,6.0,5,92.33
472,1,5,2,,,781.29,282.71,0.0078,320.13,42723.67,6.0,3,91.92
251,1,17,7,1,,765.61,296.18,0.0188,2910.56,42249.84,6.0,7,90.07
724,1,4,3,18,,832.32,293.94,0.0097,2091.3,53465.21,6.0,4,97.92
547,1,16,1,32,,815.24,288.86,0.0169,2261.29,54464.76,8.0,6,95.91
142,2,3,3,43,,695.82,280.37,0.0184,1000.95,41597.51,8.0,6,89.21
397,3,16,3,37,,560.55,301.28,0.0409,2822.77,42933.71,6.0,0,93.42
355,3,4,9,,,362.57,306.17,0.0524,1704.06,39599.76,8.0,3,60.43
687,2,3,7,60,,761.65,298.83,0.0368,2493.52,48041.23,6.0,6,97.65
548,5,4,10,,,47.46,297.66,0.0184,1183.22,51494.38,8.0,2,94.92
528,4,16,7,5,,870.79,294.7,0.0178,1492.83,55783.32,8.0,5,91.66
692,1,3,7,26,,787.44,294.42,0.0056,2087.25,44492.65,8.0,6,92.64
366,3,17,9,35,,377.65,298.31,0.0622,1212.13,45823.0,8.0,3,62.94
470,3,6,9,6,,428.58,296.34,0.0546,1796.65,48095.26,6.0,0,71.43
743,1,8,3,57,,768.32,287.74,0.031,2778.79,39585.67,8.0,6,90.39
585,1,8,2,,,753.4,275.21,0.0251,2615.31,42304.19,8.0,6,88.64
191,1,3,3,,,822.94,286.84,0.0057,965.32,46286.5,8.0,6,96.82
