id_turno,fecha,hora_inicio,hora_fin,tipo_turno
1,2020-01-06,06:00:00,14:00:00,Mañana
2,2020-01-06,14:00:00,22:00:00,Tarde
3,2020-01-06,22:00:00,06:00:00,Noche
4,2020-01-13,06:00:00,14:00:00,Mañana
5,2020-01-13,14:00:00,22:00:00,Tarde
6,2020-01-13,22:00:00,06:00:00,Noche
7,2020-01-20,06:00:00,14:00:00,Mañana
8,2020-01-20,14:00:00,22:00:00,Tarde
9,2020-01-20,22:00:00,06:00:00,Noche
10,2020-01-27,06:00:00,14:00:00,Mañana
11,2020-01-27,14:00:00,22:00:00,Tarde
12,2020-01-27,22:00:00,06:00:00,Noche
13,2020-02-03,06:00:00,14:00:00,Mañana
14,2020-02-03,14:00:00,22:00:00,Tarde
15,2020-02-03,22:00:00,06:00:00,Noche
16,2020-02-10,06:00:00,14:00:00,Mañana
17,2020-02-10,14:00:00,22:00:00,Tarde
18,2020-02-10,22:00:00,06:00:00,Noche
19,2020-02-17,06:00:00,14:00:00,Mañana
20,2020-02-17,14:00:00,22:00:00,Tarde
21,2020-02-17,22:00:00,06:00:00,Noche
22,2020-02-24,06:00:00,14:00:00,Mañana
23,2020-02-24,14:00:00,22:00:00,Tarde
24,2020-02-24,22:00:00,06:00:00,Noche
25,2020-03-02,06:00:00,14:00:00,Mañana
26,2020-03-02,14:00:00,22:00:00,Tarde
27,2020-03-02,22:00:00,06:00:00,Noche
28,2020-03-09,06:00:00,14:00:00,Mañana
29,2020-03-09,14:00:00,22:00:00,Tarde
30,2020-03-09,22:00:00,06:00:00,Noche
31,2020-03-16,06:00:00,14:00:00,Mañana
32,2020-03-16,14:00:00,22:00:00,Tarde
33,2020-03-16,22:00:00,06:00:00,Noche
34,2020-03-23,06:00:00,14:00:00,Mañana
35,2020-03-23,14:00:00,22:00:00,Tarde
36,2020-03-23,22:00:00,06:00:00,Noche
37,2020-03-30,06:00:00,14:00:00,Mañana
38,2020-03-30,14:00:00,22:00:00,Tarde
39,2020-03-30,22:00:00,06:00:00,Noche
40,2020-04-06,06:00:00,14:00:00,Mañana
41,2020-04-06,14:00:00,22:00:00,Tarde
42,2020-04-06,22:00:00,06:00:00,Noche
43,2020-04-13,06:00:00,14:00:00,Mañana
44,2020-04-13,14:00:00,22:00:00,Tarde
45,2020-04-13,22:00:00,06:00:00,Noche
46,2020-04-20,06:00:00,14:00:00,Mañana
47,2020-04-20,14:00:00,22:00:00,Tarde
48,2020-04-20,22:00:00,06:00:00,Noche
49,2020-04-27,06:00:00,14:00:00,Mañana
50,2020-04-27,14:00:00,22:00:00,Tarde
51,2020-04-27,22:00:00,06:00:00,Noche
52,2020-05-04,06:00:00,14:00:00,Mañana
53,2020-05-04,14:00:00,22:00:00,Tarde
54,2020-05-04,22:00:00,06:00:00,Noche
55,2020-05-11,06:00:00,14:00:00,Mañana
56,2020-05-11,14:00:00,22:00:00,Tarde
57,2020-05-11,22:00:00,06:00:00,Noche
58,2020-05-18,06:00:00,14:00:00,Mañana
59,2020-05-18,14:00:00,22:00:00,Tarde
60,2020-05-18,22:00:00,06:00:00,Noche
61,2020-05-25,06:00:00,14:00:00,Mañana
62,2020-05-25,14:00:00,22:00:00,Tarde
63,2020-05-25,22:00:00,06:00:00,Noche
64,2020-06-01,06:00:00,14:00:00,Mañana
65,2020-06-01,14:00:00,22:00:00,Tarde
66,2020-06-01,22:00:00,06:00:00,Noche
67,2020-06-08,06:00:00,14:00:00,Mañana
68,2020-06-08,14:00:00,22:00:00,Tarde
69,2020-06-08,22:00:00,06:00:00,Noche
70,2020-06-15,06:00:00,14:00:00,Mañana
71,2020-06-15,14:00:00,22:00:00,Tarde
72,2020-06-15,22:00:00,06:00:00,Noche
73,2020-06-22,06:00:00,14:00:00,Mañana
74,2020-06-22,14:00:00,22:00:00,Tarde
75,2020-06-22,22:00:00,06:00:00,Noche
76,2020-06-29,06:00:00,14:00:00,Mañana
77,2020-06-29,14:00:00,22:00:00,Tarde
78,2020-06-29,22:00:00,06:00:00,Noche
79,2020-07-06,06:00:00,14:00:00,Mañana
80,2020-07-06,14:00:00,22:00:00,Tarde
81,2020-07-06,22:00:00,06:00:00,Noche
82,2020-07-13,06:00:00,14:00:00,Mañana
83,2020-07-13,14:00:00,22:00:00,Tarde
84,2020-07-13,22:00:00,06:00:00,Noche
85,2020-07-20,06:00:00,14:00:00,Mañana
86,2020-07-20,14:00:00,22:00:00,Tarde
87,2020-07-20,22:00:00,06:00:00,Noche
88,2020-07-27,06:00:00,14:00:00,Mañana
89,2020-07-27,14:00:00,22:00:00,Tarde
90,2020-07-27,22:00:00,06:00:00,Noche
91,2020-08-03,06:00:00,14:00:00,Mañana
92,2020-08-03,14:00:00,22:00:00,Tarde
93,2020-08-03,22:00:00,06:00:00,Noche
94,2020-08-10,06:00:00,14:00:00,Mañana
95,2020-08-10,14:00:00,22:00:00,Tarde
96,2020-08-10,22:00:00,06:00:00,Noche
97,2020-08-17,06:00:00,14:00:00,Mañana
98,2020-08-17,14:00:00,22:00:00,Tarde
99,2020-08-17,22:00:00,06:00:00,Noche
100,2020-08-24,06:00:00,14:00:00,Mañana
101,2020-08-24,14:00:00,22:00:00,Tarde
102,2020-08-24,22:00:00,06:00:00,Noche
103,2020-08-31,06:00:00,14:00:00,Mañana
104,2020-08-31,14:00:00,22:00:00,Tarde
105,2020-08-31,22:00:00,06:00:00,Noche
106,2020-09-07,06:00:00,14:00:00,Mañana
107,2020-09-07,14:00:00,22:00:00,Tarde
108,2020-09-07,22:00:00,06:00:00,Noche
109,2020-09-14,06:00:00,14:00:00,Mañana
110,2020-09-14,14:00:00,22:00:00,Tarde
111,2020-09-14,22:00:00,06:00:00,Noche
112,2020-09-21,06:00:00,14:00:00,Mañana
113,2020-09-21,14:00:00,22:00:00,Tarde
114,2020-09-21,22:00:00,06:00:00,Noche
115,2020-09-28,06:00:00,14:00:00,Mañana
116,2020-09-28,14:00:00,22:00:00,Tarde
117,2020-09-28,22:00:00,06:00:00,Noche
118,2020-10-05,06:00:00,14:00:00,Mañana
119,2020-10-05,14:00:00,22:00:00,Tarde
120,2020-10-05,22:00:00,06:00:00,Noche
121,2020-10-12,06:00:00,14:00:00,Mañana
122,2020-10-12,14:00:00,22:00:00,Tarde
123,2020-10-12,22:00:00,06:00:00,Noche
124,2020-10-19,06:00:00,14:00:00,Mañana
125,2020-10-19,14:00:00,22:00:00,Tarde
126,2020-10-19,22:00:00,06:00:00,Noche
127,2020-10-26,06:00:00,14:00:00,Mañana
128,2020-10-26,14:00:00,22:00:00,Tarde
129,2020-10-26,22:00:00,06:00:00,Noche
130,2020-11-02,06:00:00,14:00:00,Mañana
131,2020-11-02,14:00:00,22:00:00,Tarde
132,2020-11-02,22:00:00,06:00:00,Noche
133,2020-11-09,06:00:00,14:00:00,Mañana
134,2020-11-09,14:00:00,22:00:00,Tarde
135,2020-11-09,22:00:00,06:00:00,Noche
136,2020-11-16,06:00:00,14:00:00,Mañana
137,2020-11-16,14:00:00,22:00:00,Tarde
138,2020-11-16,22:00:00,06:00:00,Noche
139,2020-11-23,06:00:00,14:00:00,Mañana
140,2020-11-23,14:00:00,22:00:00,Tarde
141,2020-11-23,22:00:00,06:00:00,Noche
142,2020-11-30,06:00:00,14:00:00,Mañana
143,2020-11-30,14:00:00,22:00:00,Tarde
144,2020-11-30,22:00:00,06:00:00,Noche
145,2020-12-07,06:00:00,14:00:00,Mañana
146,2020-12-07,14:00:00,22:00:00,Tarde
147,2020-12-07,22:00:00,06:00:00,Noche
148,2020-12-14,06:00:00,14:00:00,Mañana
149,2020-12-14,14:00:00,22:00:00,Tarde
150,2020-12-14,22:00:00,06:00:00,Noche
151,2020-12-21,06:00:00,14:00:00,Mañana
152,2020-12-21,14:00:00,22:00:00,Tarde
153,2020-12-21,22:00:00,06:00:00,Noche
154,2020-12-28,06:00:00,14:00:00,Mañana
155,2020-12-28,14:00:00,22:00:00,Tarde
156,2020-12-28,22:00:00,06:00:00,Noche
157,2021-01-04,06:00:00,14:00:00,Mañana
158,2021-01-04,14:00:00,22:00:00,Tarde
159,2021-01-04,22:00:00,06:00:00,Noche
160,2021-01-11,06:00:00,14:00:00,Mañana
161,2021-01-11,14:00:00,22:00:00,Tarde
162,2021-01-11,22:00:00,06:00:00,Noche
163,2021-01-18,06:00:00,14:00:00,Mañana
164,2021-01-18,14:00:00,22:00:00,Tarde
165,2021-01-18,22:00:00,06:00:00,Noche
166,2021-01-25,06:00:00,14:00:00,Mañana
167,2021-01-25,14:00:00,22:00:00,Tarde
168,2021-01-25,22:00:00,06:00:00,Noche
169,2021-02-01,06:00:00,14:00:00,Mañana
170,2021-02-01,14:00:00,22:00:00,Tarde
171,2021-02-01,22:00:00,06:00:00,Noche
172,2021-02-08,06:00:00,14:00:00,Mañana
173,2021-02-08,14:00:00,22:00:00,Tarde
174,2021-02-08,22:00:00,06:00:00,Noche
175,2021-02-15,06:00:00,14:00:00,Mañana
176,2021-02-15,14:00:00,22:00:00,Tarde
177,2021-02-15,22:00:00,06:00:00,Noche
178,2021-02-22,06:00:00,14:00:00,Mañana
179,2021-02-22,14:00:00,22:00:00,Tarde
180,2021-02-22,22:00:00,06:00:00,Noche
181,2021-03-01,06:00:00,14:00:00,Mañana
182,2021-03-01,14:00:00,22:00:00,Tarde
183,2021-03-01,22:00:00,06:00:00,Noche
184,2021-03-08,06:00:00,14:00:00,Mañana
185,2021-03-08,14:00:00,22:00:00,Tarde
186,2021-03-08,22:00:00,06:00:00,Noche
187,2021-03-15,06:00:00,14:00:00,Mañana
188,2021-03-15,14:00:00,22:00:00,Tarde
189,2021-03-15,22:00:00,06:00:00,Noche
190,2021-03-22,06:00:00,14:00:00,Mañana
191,2021-03-22,14:00:00,22:00:00,Tarde
192,2021-03-22,22:00:00,06:00:00,Noche
193,2021-03-29,06:00:00,14:00:00,Mañana
194,2021-03-29,14:00:00,22:00:00,Tarde
195,2021-03-29,22:00:00,06:00:00,Noche
196,2021-04-05,06:00:00,14:00:00,Mañana
197,2021-04-05,14:00:00,22:00:00,Tarde
198,2021-04-05,22:00:00,06:00:00,Noche
199,2021-04-12,06:00:00,14:00:00,Mañana
200,2021-04-12,14:00:00,22:00:00,Tarde
201,2021-04-12,22:00:00,06:00:00,Noche
202,2021-04-19,06:00:00,14:00:00,Mañana
203,2021-04-19,14:00:00,22:00:00,Tarde
204,2021-04-19,22:00:00,06:00:00,Noche
205,2021-04-26,06:00:00,14:00:00,Mañana
206,2021-04-26,14:00:00,22:00:00,Tarde
207,2021-04-26,22:00:00,06:00:00,Noche
208,2021-05-03,06:00:00,14:00:00,Mañana
209,2021-05-03,14:00:00,22:00:00,Tarde
210,2021-05-03,22:00:00,06:00:00,Noche
211,2021-05-10,06:00:00,14:00:00,Mañana
212,2021-05-10,14:00:00,22:00:00,Tarde
213,2021-05-10,22:00:00,06:00:00,Noche
214,2021-05-17,06:00:00,14:00:00,Mañana
215,2021-05-17,14:00:00,22:00:00,Tarde
216,2021-05-17,22:00:00,06:00:00,Noche
217,2021-05-24,06:00:00,14:00:00,Mañana
218,2021-05-24,14:00:00,22:00:00,Tarde
219,2021-05-24,22:00:00,06:00:00,Noche
220,2021-05-31,06:00:00,14:00:00,Mañana
221,2021-05-31,14:00:00,22:00:00,Tarde
222,2021-05-31,22:00:00,06:00:00,Noche
223,2021-06-07,06:00:00,14:00:00,Mañana
224,2021-06-07,14:00:00,22:00:00,Tarde
225,2021-06-07,22:00:00,06:00:00,Noche
226,2021-06-14,06:00:00,14:00:00,Mañana
227,2021-06-14,14:00:00,22:00:00,Tarde
228,2021-06-14,22:00:00,06:00:00,Noche
229,2021-06-21,06:00:00,14:00:00,Mañana
230,2021-06-21,14:00:00,22:00:00,Tarde
231,2021-06-21,22:00:00,06:00:00,Noche
232,2021-06-28,06:00:00,14:00:00,Mañana
233,2021-06-28,14:00:00,22:00:00,Tarde
234,2021-06-28,22:00:00,06:00:00,Noche
235,2021-07-05,06:00:00,14:00:00,Mañana
236,2021-07-05,14:00:00,22:00:00,Tarde
237,2021-07-05,22:00:00,06:00:00,Noche
238,2021-07-12,06:00:00,14:00:00,Mañana
239,2021-07-12,14:00:00,22:00:00,Tarde
240,2021-07-12,22:00:00,06:00:00,Noche
241,2021-07-19,06:00:00,14:00:00,Mañana
242,2021-07-19,14:00:00,22:00:00,Tarde
243,2021-07-19,22:00:00,06:00:00,Noche
244,2021-07-26,06:00:00,14:00:00,Mañana
245,2021-07-26,14:00:00,22:00:00,Tarde
246,2021-07-26,22:00:00,06:00:00,Noche
247,2021-08-02,06:00:00,14:00:00,Mañana
248,2021-08-02,14:00:00,22:00:00,Tarde
249,2021-08-02,22:00:00,06:00:00,Noche
250,2021-08-09,06:00:00,14:00:00,Mañana
251,2021-08-09,14:00:00,22:00:00,Tarde
252,2021-08-09,22:00:00,06:00:00,Noche
253,2021-08-16,06:00:00,14:00:00,Mañana
254,2021-08-16,14:00:00,22:00:00,Tarde
255,2021-08-16,22:00:00,06:00:00,Noche
256,2021-08-23,06:00:00,14:00:00,Mañana
257,2021-08-23,14:00:00,22:00:00,Tarde
258,2021-08-23,22:00:00,06:00:00,Noche
259,2021-08-30,06:00:00,14:00:00,Mañana
260,2021-08-30,14:00:00,22:00:00,Tarde
261,2021-08-30,22:00:00,06:00:00,Noche
262,2021-09-06,06:00:00,14:00:00,Mañana
263,2021-09-06,14:00:00,22:00:00,Tarde
264,2021-09-06,22:00:00,06:00:00,Noche
265,2021-09-13,06:00:00,14:00:00,Mañana
266,2021-09-13,14:00:00,22:00:00,Tarde
267,2021-09-13,22:00:00,06:00:00,Noche
268,2021-09-20,06:00:00,14:00:00,Mañana
269,2021-09-20,14:00:00,22:00:00,Tarde
270,2021-09-20,22:00:00,06:00:00,Noche
271,2021-09-27,06:00:00,14:00:00,Mañana
272,2021-09-27,14:00:00,22:00:00,Tarde
273,2021-09-27,22:00:00,06:00:00,Noche
274,2021-10-04,06:00:00,14:00:00,Mañana
275,2021-10-04,14:00:00,22:00:00,Tarde
276,2021-10-04,22:00:00,06:00:00,Noche
277,2021-10-11,06:00:00,14:00:00,Mañana
278,2021-10-11,14:00:00,22:00:00,Tarde
279,2021-10-11,22:00:00,06:00:00,Noche
280,2021-10-18,06:00:00,14:00:00,Mañana
281,2021-10-18,14:00:00,22:00:00,Tarde
282,2021-10-18,22:00:00,06:00:00,Noche
283,2021-10-25,06:00:00,14:00:00,Mañana
284,2021-10-25,14:00:00,22:00:00,Tarde
285,2021-10-25,22:00:00,06:00:00,Noche
286,2021-11-01,06:00:00,14:00:00,Mañana
287,2021-11-01,14:00:00,22:00:00,Tarde
288,2021-11-01,22:00:00,06:00:00,Noche
289,2021-11-08,06:00:00,14:00:00,Mañana
290,2021-11-08,14:00:00,22:00:00,Tarde
291,2021-11-08,22:00:00,06:00:00,Noche
292,2021-11-15,06:00:00,14:00:00,Mañana
293,2021-11-15,14:00:00,22:00:00,Tarde
294,2021-11-15,22:00:00,06:00:00,Noche
295,2021-11-22,06:00:00,14:00:00,Mañana
296,2021-11-22,14:00:00,22:00:00,Tarde
297,2021-11-22,22:00:00,06:00:00,Noche
298,2021-11-29,06:00:00,14:00:00,Mañana
299,2021-11-29,14:00:00,22:00:00,Tarde
300,2021-11-29,22:00:00,06:00:00,Noche
301,2021-12-06,06:00:00,14:00:00,Mañana
302,2021-12-06,14:00:00,22:00:00,Tarde
303,2021-12-06,22:00:00,06:00:00,Noche
304,2021-12-13,06:00:00,14:00:00,Mañana
305,2021-12-13,14:00:00,22:00:00,Tarde
306,2021-12-13,22:00:00,06:00:00,Noche
307,2021-12-20,06:00:00,14:00:00,Mañana
308,2021-12-20,14:00:00,22:00:00,Tarde
309,2021-12-20,22:00:00,06:00:00,Noche
310,2021-12-27,06:00:00,14:00:00,Mañana
311,2021-12-27,14:00:00,22:00:00,Tarde
312,2021-12-27,22:00:00,06:00:00,Noche
313,2022-01-03,06:00:00,14:00:00,Mañana
314,2022-01-03,14:00:00,22:00:00,Tarde
315,2022-01-03,22:00:00,06:00:00,Noche
316,2022-01-10,06:00:00,14:00:00,Mañana
317,2022-01-10,14:00:00,22:00:00,Tarde
318,2022-01-10,22:00:00,06:00:00,Noche
319,2022-01-17,06:00:00,14:00:00,Mañana
320,2022-01-17,14:00:00,22:00:00,Tarde
321,2022-01-17,22:00:00,06:00:00,Noche
322,2022-01-24,06:00:00,14:00:00,Mañana
323,2022-01-24,14:00:00,22:00:00,Tarde
324,2022-01-24,22:00:00,06:00:00,Noche
325,2022-01-31,06:00:00,14:00:00,Mañana
326,2022-01-31,14:00:00,22:00:00,Tarde
327,2022-01-31,22:00:00,06:00:00,Noche
328,2022-02-07,06:00:00,14:00:00,Mañana
329,2022-02-07,14:00:00,22:00:00,Tarde
330,2022-02-07,22:00:00,06:00:00,Noche
331,2022-02-14,06:00:00,14:00:00,Mañana
332,2022-02-14,14:00:00,22:00:00,Tarde
333,2022-02-14,22:00:00,06:00:00,Noche
334,2022-02-21,06:00:00,14:00:00,Mañana
335,2022-02-21,14:00:00,22:00:00,Tarde
336,2022-02-21,22:00:00,06:00:00,Noche
337,2022-02-28,06:00:00,14:00:00,Mañana
338,2022-02-28,14:00:00,22:00:00,Tarde
339,2022-02-28,22:00:00,06:00:00,Noche
340,2022-03-07,06:00:00,14:00:00,Mañana
341,2022-03-07,14:00:00,22:00:00,Tarde
342,2022-03-07,22:00:00,06:00:00,Noche
343,2022-03-14,06:00:00,14:00:00,Mañana
344,2022-03-14,14:00:00,22:00:00,Tarde
345,2022-03-14,22:00:00,06:00:00,Noche
346,2022-03-21,06:00:00,14:00:00,Mañana
347,2022-03-21,14:00:00,22:00:00,Tarde
348,2022-03-21,22:00:00,06:00:00,Noche
349,2022-03-28,06:00:00,14:00:00,Mañana
350,2022-03-28,14:00:00,22:00:00,Tarde
351,2022-03-28,22:00:00,06:00:00,Noche
352,2022-04-04,06:00:00,14:00:00,Mañana
353,2022-04-04,14:00:00,22:00:00,Tarde
354,2022-04-04,22:00:00,06:00:00,Noche
355,2022-04-11,06:00:00,14:00:00,Mañana
356,2022-04-11,14:00:00,22:00:00,Tarde
357,2022-04-11,22:00:00,06:00:00,Noche
358,2022-04-18,06:00:00,14:00:00,Mañana
359,2022-04-18,14:00:00,22:00:00,Tarde
360,2022-04-18,22:00:00,06:00:00,Noche
361,2022-04-25,06:00:00,14:00:00,Mañana
362,2022-04-25,14:00:00,22:00:00,Tarde
363,2022-04-25,22:00:00,06:00:00,Noche
364,2022-05-02,06:00:00,14:00:00,Mañana
365,2022-05-02,14:00:00,22:00:00,Tarde
366,2022-05-02,22:00:00,06:00:00,Noche
367,2022-05-09,06:00:00,14:00:00,Mañana
368,2022-05-09,14:00:00,22:00:00,Tarde
369,2022-05-09,22:00:00,06:00:00,Noche
370,2022-05-16,06:00:00,14:00:00,Mañana
371,2022-05-16,14:00:00,22:00:00,Tarde
372,2022-05-16,22:00:00,06:00:00,Noche
373,2022-05-23,06:00:00,14:00:00,Mañana
374,2022-05-23,14:00:00,22:00:00,Tarde
375,2022-05-23,22:00:00,06:00:00,Noche
376,2022-05-30,06:00:00,14:00:00,Mañana
377,2022-05-30,14:00:00,22:00:00,Tarde
378,2022-05-30,22:00:00,06:00:00,Noche
379,2022-06-06,06:00:00,14:00:00,Mañana
380,2022-06-06,14:00:00,22:00:00,Tarde
381,2022-06-06,22:00:00,06:00:00,Noche
382,2022-06-13,06:00:00,14:00:00,Mañana
383,2022-06-13,14:00:00,22:00:00,Tarde
384,2022-06-13,22:00:00,06:00:00,Noche
385,2022-06-20,06:00:00,14:00:00,Mañana
386,2022-06-20,14:00:00,22:00:00,Tarde
387,2022-06-20,22:00:00,06:00:00,Noche
388,2022-06-27,06:00:00,14:00:00,Mañana
389,2022-06-27,14:00:00,22:00:00,Tarde
390,2022-06-27,22:00:00,06:00:00,Noche
391,2022-07-04,06:00:00,14:00:00,Mañana
392,2022-07-04,14:00:00,22:00:00,Tarde
393,2022-07-04,22:00:00,06:00:00,Noche
394,2022-07-11,06:00:00,14:00:00,Mañana
395,2022-07-11,14:00:00,22:00:00,Tarde
396,2022-07-11,22:00:00,06:00:00,Noche
397,2022-07-18,06:00:00,14:00:00,Mañana
398,2022-07-18,14:00:00,22:00:00,Tarde
399,2022-07-18,22:00:00,06:00:00,Noche
400,2022-07-25,06:00:00,14:00:00,Mañana
401,2022-07-25,14:00:00,22:00:00,Tarde
402,2022-07-25,22:00:00,06:00:00,Noche
403,2022-08-01,06:00:00,14:00:00,Mañana
404,2022-08-01,14:00:00,22:00:00,Tarde
405,2022-08-01,22:00:00,06:00:00,Noche
406,2022-08-08,06:00:00,14:00:00,Mañana
407,2022-08-08,14:00:00,22:00:00,Tarde
408,2022-08-08,22:00:00,06:00:00,Noche
409,2022-08-15,06:00:00,14:00:00,Mañana
410,2022-08-15,14:00:00,22:00:00,Tarde
411,2022-08-15,22:00:00,06:00:00,Noche
412,2022-08-22,06:00:00,14:00:00,Mañana
413,2022-08-22,14:00:00,22:00:00,Tarde
414,2022-08-22,22:00:00,06:00:00,Noche
415,2022-08-29,06:00:00,14:00:00,Mañana
416,2022-08-29,14:00:00,22:00:00,Tarde
417,2022-08-29,22:00:00,06:00:00,Noche
418,2022-09-05,06:00:00,14:00:00,Mañana
419,2022-09-05,14:00:00,22:00:00,Tarde
420,2022-09-05,22:00:00,06:00:00,Noche
421,2022-09-12,06:00:00,14:00:00,Mañana
422,2022-09-12,14:00:00,22:00:00,Tarde
423,2022-09-12,22:00:00,06:00:00,Noche
424,2022-09-19,06:00:00,14:00:00,Mañana
425,2022-09-19,14:00:00,22:00:00,Tarde
426,2022-09-19,22:00:00,06:00:00,Noche
427,2022-09-26,06:00:00,14:00:00,Mañana
428,2022-09-26,14:00:00,22:00:00,Tarde
429,2022-09-26,22:00:00,06:00:00,Noche
430,2022-10-03,06:00:00,14:00:00,Mañana
431,2022-10-03,14:00:00,22:00:00,Tarde
432,2022-10-03,22:00:00,06:00:00,Noche
433,2022-10-10,06:00:00,14:00:00,Mañana
434,2022-10-10,14:00:00,22:00:00,Tarde
435,2022-10-10,22:00:00,06:00:00,Noche
436,2022-10-17,06:00:00,14:00:00,Mañana
437,2022-10-17,14:00:00,22:00:00,Tarde
438,2022-10-17,22:00:00,06:00:00,Noche
439,2022-10-24,06:00:00,14:00:00,Mañana
440,2022-10-24,14:00:00,22:00:00,Tarde
441,2022-10-24,22:00:00,06:00:00,Noche
442,2022-10-31,06:00:00,14:00:00,Mañana
443,2022-10-31,14:00:00,22:00:00,Tarde
444,2022-10-31,22:00:00,06:00:00,Noche
445,2022-11-07,06:00:00,14:00:00,Mañana
446,2022-11-07,14:00:00,22:00:00,Tarde
447,2022-11-07,22:00:00,06:00:00,Noche
448,2022-11-14,06:00:00,14:00:00,Mañana
449,2022-11-14,14:00:00,22:00:00,Tarde
450,2022-11-14,22:00:00,06:00:00,Noche
451,2022-11-21,06:00:00,14:00:00,Mañana
452,2022-11-21,14:00:00,22:00:00,Tarde
453,2022-11-21,22:00:00,06:00:00,Noche
454,2022-11-28,06:00:00,14:00:00,Mañana
455,2022-11-28,14:00:00,22:00:00,Tarde
456,2022-11-28,22:00:00,06:00:00,Noche
457,2022-12-05,06:00:00,14:00:00,Mañana
458,2022-12-05,14:00:00,22:00:00,Tarde
459,2022-12-05,22:00:00,06:00:00,Noche
460,2022-12-12,06:00:00,14:00:00,Mañana
461,2022-12-12,14:00:00,22:00:00,Tarde
462,2022-12-12,22:00:00,06:00:00,Noche
463,2022-12-19,06:00:00,14:00:00,Mañana
464,2022-12-19,14:00:00,22:00:00,Tarde
465,2022-12-19,22:00:00,06:00:00,Noche
466,2022-12-26,06:00:00,14:00:00,Mañana
467,2022-12-26,14:00:00,22:00:00,Tarde
468,2022-12-26,22:00:00,06:00:00,Noche
469,2023-01-02,06:00:00,14:00:00,Mañana
470,2023-01-02,14:00:00,22:00:00,Tarde
471,2023-01-02,22:00:00,06:00:00,Noche
472,2023-01-09,06:00:00,14:00:00,Mañana
473,2023-01-09,14:00:00,22:00:00,Tarde
474,2023-01-09,22:00:00,06:00:00,Noche
475,2023-01-16,06:00:00,14:00:00,Mañana
476,2023-01-16,14:00:00,22:00:00,Tarde
477,2023-01-16,22:00:00,06:00:00,Noche
478,2023-01-23,06:00:00,14:00:00,Mañana
479,2023-01-23,14:00:00,22:00:00,Tarde
480,2023-01-23,22:00:00,06:00:00,Noche
481,2023-01-30,06:00:00,14:00:00,Mañana
482,2023-01-30,14:00:00,22:00:00,Tarde
483,2023-01-30,22:00:00,06:00:00,Noche
484,2023-02-06,06:00:00,14:00:00,Mañana
485,2023-02-06,14:00:00,22:00:00,Tarde
486,2023-02-06,22:00:00,06:00:00,Noche
487,2023-02-13,06:00:00,14:00:00,Mañana
488,2023-02-13,14:00:00,22:00:00,Tarde
489,2023-02-13,22:00:00,06:00:00,Noche
490,2023-02-20,06:00:00,14:00:00,Mañana
491,2023-02-20,14:00:00,22:00:00,Tarde
492,2023-02-20,22:00:00,06:00:00,Noche
493,2023-02-27,06:00:00,14:00:00,Mañana
494,2023-02-27,14:00:00,22:00:00,Tarde
495,2023-02-27,22:00:00,06:00:00,Noche
496,2023-03-06,06:00:00,14:00:00,Mañana
497,2023-03-06,14:00:00,22:00:00,Tarde
498,2023-03-06,22:00:00,06:00:00,Noche
499,2023-03-13,06:00:00,14:00:00,Mañana
500,2023-03-13,14:00:00,22:00:00,Tarde
501,2023-03-13,22:00:00,06:00:00,Noche
502,2023-03-20,06:00:00,14:00:00,Mañana
503,2023-03-20,14:00:00,22:00:00,Tarde
504,2023-03-20,22:00:00,06:00:00,Noche
505,2023-03-27,06:00:00,14:00:00,Mañana
506,2023-03-27,14:00:00,22:00:00,Tarde
507,2023-03-27,22:00:00,06:00:00,Noche
508,2023-04-03,06:00:00,14:00:00,Mañana
509,2023-04-03,14:00:00,22:00:00,Tarde
510,2023-04-03,22:00:00,06:00:00,Noche
511,2023-04-10,06:00:00,14:00:00,Mañana
512,2023-04-10,14:00:00,22:00:00,Tarde
513,2023-04-10,22:00:00,06:00:00,Noche
514,2023-04-17,06:00:00,14:00:00,Mañana
515,2023-04-17,14:00:00,22:00:00,Tarde
516,2023-04-17,22:00:00,06:00:00,Noche
517,2023-04-24,06:00:00,14:00:00,Mañana
518,2023-04-24,14:00:00,22:00:00,Tarde
519,2023-04-24,22:00:00,06:00:00,Noche
520,2023-05-01,06:00:00,14:00:00,Mañana
521,2023-05-01,14:00:00,22:00:00,Tarde
522,2023-05-01,22:00:00,06:00:00,Noche
523,2023-05-08,06:00:00,14:00:00,Mañana
524,2023-05-08,14:00:00,22:00:00,Tarde
525,2023-05-08,22:00:00,06:00:00,Noche
526,2023-05-15,06:00:00,14:00:00,Mañana
527,2023-05-15,14:00:00,22:00:00,Tarde
528,2023-05-15,22:00:00,06:00:00,Noche
529,2023-05-22,06:00:00,14:00:00,Mañana
530,2023-05-22,14:00:00,22:00:00,Tarde
531,2023-05-22,22:00:00,06:00:00,Noche
532,2023-05-29,06:00:00,14:00:00,Mañana
533,2023-05-29,14:00:00,22:00:00,Tarde
534,2023-05-29,22:00:00,06:00:00,Noche
535,2023-06-05,06:00:00,14:00:00,Mañana
536,2023-06-05,14:00:00,22:00:00,Tarde
537,2023-06-05,22:00:00,06:00:00,Noche
538,2023-06-12,06:00:00,14:00:00,Mañana
539,2023-06-12,14:00:00,22:00:00,Tarde
540,2023-06-12,22:00:00,06:00:00,Noche
541,2023-06-19,06:00:00,14:00:00,Mañana
542,2023-06-19,14:00:00,22:00:00,Tarde
543,2023-06-19,22:00:00,06:00:00,Noche
544,2023-06-26,06:00:00,14:00:00,Mañana
545,2023-06-26,14:00:00,22:00:00,Tarde
546,2023-06-26,22:00:00,06:00:00,Noche
547,2023-07-03,06:00:00,14:00:00,Mañana
548,2023-07-03,14:00:00,22:00:00,Tarde
549,2023-07-03,22:00:00,06:00:00,Noche
550,2023-07-10,06:00:00,14:00:00,Mañana
551,2023-07-10,14:00:00,22:00:00,Tarde
552,2023-07-10,22:00:00,06:00:00,Noche
553,2023-07-17,06:00:00,14:00:00,Mañana
554,2023-07-17,14:00:00,22:00:00,Tarde
555,2023-07-17,22:00:00,06:00:00,Noche
556,2023-07-24,06:00:00,14:00:00,Mañana
557,2023-07-24,14:00:00,22:00:00,Tarde
558,2023-07-24,22:00:00,06:00:00,Noche
559,2023-07-31,06:00:00,14:00:00,Mañana
560,2023-07-31,14:00:00,22:00:00,Tarde
561,2023-07-31,22:00:00,06:00:00,Noche
562,2023-08-07,06:00:00,14:00:00,Mañana
563,2023-08-07,14:00:00,22:00:00,Tarde
564,2023-08-07,22:00:00,06:00:00,Noche
565,2023-08-14,06:00:00,14:00:00,Mañana
566,2023-08-14,14:00:00,22:00:00,Tarde
567,2023-08-14,22:00:00,06:00:00,Noche
568,2023-08-21,06:00:00,14:00:00,Mañana
569,2023-08-21,14:00:00,22:00:00,Tarde
570,2023-08-21,22:00:00,06:00:00,Noche
571,2023-08-28,06:00:00,14:00:00,Mañana
572,2023-08-28,14:00:00,22:00:00,Tarde
573,2023-08-28,22:00:00,06:00:00,Noche
574,2023-09-04,06:00:00,14:00:00,Mañana
575,2023-09-04,14:00:00,22:00:00,Tarde
576,2023-09-04,22:00:00,06:00:00,Noche
577,2023-09-11,06:00:00,14:00:00,Mañana
578,2023-09-11,14:00:00,22:00:00,Tarde
579,2023-09-11,22:00:00,06:00:00,Noche
580,2023-09-18,06:00:00,14:00:00,Mañana
581,2023-09-18,14:00:00,22:00:00,Tarde
582,2023-09-18,22:00:00,06:00:00,Noche
583,2023-09-25,06:00:00,14:00:00,Mañana
584,2023-09-25,14:00:00,22:00:00,Tarde
585,2023-09-25,22:00:00,06:00:00,Noche
586,2023-10-02,06:00:00,14:00:00,Mañana
587,2023-10-02,14:00:00,22:00:00,Tarde
588,2023-10-02,22:00:00,06:00:00,Noche
589,2023-10-09,06:00:00,14:00:00,Mañana
590,2023-10-09,14:00:00,22:00:00,Tarde
591,2023-10-09,22:00:00,06:00:00,Noche
592,2023-10-16,06:00:00,14:00:00,Mañana
593,2023-10-16,14:00:00,22:00:00,Tarde
594,2023-10-16,22:00:00,06:00:00,Noche
595,2023-10-23,06:00:00,14:00:00,Mañana
596,2023-10-23,14:00:00,22:00:00,Tarde
597,2023-10-23,22:00:00,06:00:00,Noche
598,2023-10-30,06:00:00,14:00:00,Mañana
599,2023-10-30,14:00:00,22:00:00,Tarde
600,2023-10-30,22:00:00,06:00:00,Noche
601,2023-11-06,06:00:00,14:00:00,Mañana
602,2023-11-06,14:00:00,22:00:00,Tarde
603,2023-11-06,22:00:00,06:00:00,Noche
604,2023-11-13,06:00:00,14:00:00,Mañana
605,2023-11-13,14:00:00,22:00:00,Tarde
606,2023-11-13,22:00:00,06:00:00,Noche
607,2023-11-20,06:00:00,14:00:00,Mañana
608,2023-11-20,14:00:00,22:00:00,Tarde
609,2023-11-20,22:00:00,06:00:00,Noche
610,2023-11-27,06:00:00,14:00:00,Mañana
611,2023-11-27,14:00:00,22:00:00,Tarde
612,2023-11-27,22:00:00,06:00:00,Noche
613,2023-12-04,06:00:00,14:00:00,Mañana
614,2023-12-04,14:00:00,22:00:00,Tarde
615,2023-12-04,22:00:00,06:00:00,Noche
616,2023-12-11,06:00:00,14:00:00,Mañana
617,2023-12-11,14:00:00,22:00:00,Tarde
618,2023-12-11,22:00:00,06:00:00,Noche
619,2023-12-18,06:00:00,14:00:00,Mañana
620,2023-12-18,14:00:00,22:00:00,Tarde
621,2023-12-18,22:00:00,06:00:00,Noche
622,2023-12-25,06:00:00,14:00:00,Mañana
623,2023-12-25,14:00:00,22:00:00,Tarde
624,2023-12-25,22:00:00,06:00:00,Noche
625,2024-01-01,06:00:00,14:00:00,Mañana
626,2024-01-01,14:00:00,22:00:00,Tarde
627,2024-01-01,22:00:00,06:00:00,Noche
628,2024-01-08,06:00:00,14:00:00,Mañana
629,2024-01-08,14:00:00,22:00:00,Tarde
630,2024-01-08,22:00:00,06:00:00,Noche
631,2024-01-15,06:00:00,14:00:00,Mañana
632,2024-01-15,14:00:00,22:00:00,Tarde
633,2024-01-15,22:00:00,06:00:00,Noche
634,2024-01-22,06:00:00,14:00:00,Mañana
635,2024-01-22,14:00:00,22:00:00,Tarde
636,2024-01-22,22:00:00,06:00:00,Noche
637,2024-01-29,06:00:00,14:00:00,Mañana
638,2024-01-29,14:00:00,22:00:00,Tarde
639,2024-01-29,22:00:00,06:00:00,Noche
640,2024-02-05,06:00:00,14:00:00,Mañana
641,2024-02-05,14:00:00,22:00:00,Tarde
642,2024-02-05,22:00:00,06:00:00,Noche
643,2024-02-12,06:00:00,14:00:00,Mañana
644,2024-02-12,14:00:00,22:00:00,Tarde
645,2024-02-12,22:00:00,06:00:00,Noche
646,2024-02-19,06:00:00,14:00:00,Mañana
647,2024-02-19,14:00:00,22:00:00,Tarde
648,2024-02-19,22:00:00,06:00:00,Noche
649,2024-02-26,06:00:00,14:00:00,Mañana
650,2024-02-26,14:00:00,22:00:00,Tarde
651,2024-02-26,22:00:00,06:00:00,Noche
652,2024-03-04,06:00:00,14:00:00,Mañana
653,2024-03-04,14:00:00,22:00:00,Tarde
654,2024-03-04,22:00:00,06:00:00,Noche
655,2024-03-11,06:00:00,14:00:00,Mañana
656,2024-03-11,14:00:00,22:00:00,Tarde
657,2024-03-11,22:00:00,06:00:00,Noche
658,2024-03-18,06:00:00,14:00:00,Mañana
659,2024-03-18,14:00:00,22:00:00,Tarde
660,2024-03-18,22:00:00,06:00:00,Noche
661,2024-03-25,06:00:00,14:00:00,Mañana
662,2024-03-25,14:00:00,22:00:00,Tarde
663,2024-03-25,22:00:00,06:00:00,Noche
664,2024-04-01,06:00:00,14:00:00,Mañana
665,2024-04-01,14:00:00,22:00:00,Tarde
666,2024-04-01,22:00:00,06:00:00,Noche
667,2024-04-08,06:00:00,14:00:00,Mañana
668,2024-04-08,14:00:00,22:00:00,Tarde
669,2024-04-08,22:00:00,06:00:00,Noche
670,2024-04-15,06:00:00,14:00:00,Mañana
671,2024-04-15,14:00:00,22:00:00,Tarde
672,2024-04-15,22:00:00,06:00:00,Noche
673,2024-04-22,06:00:00,14:00:00,Mañana
674,2024-04-22,14:00:00,22:00:00,Tarde
675,2024-04-22,22:00:00,06:00:00,Noche
676,2024-04-29,06:00:00,14:00:00,Mañana
677,2024-04-29,14:00:00,22:00:00,Tarde
678,2024-04-29,22:00:00,06:00:00,Noche
679,2024-05-06,06:00:00,14:00:00,Mañana
680,2024-05-06,14:00:00,22:00:00,Tarde
681,2024-05-06,22:00:00,06:00:00,Noche
682,2024-05-13,06:00:00,14:00:00,Mañana
683,2024-05-13,14:00:00,22:00:00,Tarde
684,2024-05-13,22:00:00,06:00:00,Noche
685,2024-05-20,06:00:00,14:00:00,Mañana
686,2024-05-20,14:00:00,22:00:00,Tarde
687,2024-05-20,22:00:00,06:00:00,Noche
688,2024-05-27,06:00:00,14:00:00,Mañana
689,2024-05-27,14:00:00,22:00:00,Tarde
690,2024-05-27,22:00:00,06:00:00,Noche
691,2024-06-03,06:00:00,14:00:00,Mañana
692,2024-06-03,14:00:00,22:00:00,Tarde
693,2024-06-03,22:00:00,06:00:00,Noche
694,2024-06-10,06:00:00,14:00:00,Mañana
695,2024-06-10,14:00:00,22:00:00,Tarde
696,2024-06-10,22:00:00,06:00:00,Noche
697,2024-06-17,06:00:00,14:00:00,Mañana
698,2024-06-17,14:00:00,22:00:00,Tarde
699,2024-06-17,22:00:00,06:00:00,Noche
700,2024-06-24,06:00:00,14:00:00,Mañana
701,2024-06-24,14:00:00,22:00:00,Tarde
702,2024-06-24,22:00:00,06:00:00,Noche
703,2024-07-01,06:00:00,14:00:00,Mañana
704,2024-07-01,14:00:00,22:00:00,Tarde
705,2024-07-01,22:00:00,06:00:00,Noche
706,2024-07-08,06:00:00,14:00:00,Mañana
707,2024-07-08,14:00:00,22:00:00,Tarde
708,2024-07-08,22:00:00,06:00:00,Noche
709,2024-07-15,06:00:00,14:00:00,Mañana
710,2024-07-15,14:00:00,22:00:00,Tarde
711,2024-07-15,22:00:00,06:00:00,Noche
712,2024-07-22,06:00:00,14:00:00,Mañana
713,2024-07-22,14:00:00,22:00:00,Tarde
714,2024-07-22,22:00:00,06:00:00,Noche
715,2024-07-29,06:00:00,14:00:00,Mañana
716,2024-07-29,14:00:00,22:00:00,Tarde
717,2024-07-29,22:00:00,06:00:00,Noche
718,2024-08-05,06:00:00,14:00:00,Mañana
719,2024-08-05,14:00:00,22:00:00,Tarde
720,2024-08-05,22:00:00,06:00:00,Noche
721,2024-08-12,06:00:00,14:00:00,Mañana
722,2024-08-12,14:00:00,22:00:00,Tarde
723,2024-08-12,22:00:00,06:00:00,Noche
724,2024-08-19,06:00:00,14:00:00,Mañana
725,2024-08-19,14:00:00,22:00:00,Tarde
726,2024-08-19,22:00:00,06:00:00,Noche
727,2024-08-26,06:00:00,14:00:00,Mañana
728,2024-08-26,14:00:00,22:00:00,Tarde
729,2024-08-26,22:00:00,06:00:00,Noche
730,2024-09-02,06:00:00,14:00:00,Mañana
731,2024-09-02,14:00:00,22:00:00,Tarde
732,2024-09-02,22:00:00,06:00:00,Noche
733,2024-09-09,06:00:00,14:00:00,Mañana
734,2024-09-09,14:00:00,22:00:00,Tarde
735,2024-09-09,22:00:00,06:00:00,Noche
736,2024-09-16,06:00:00,14:00:00,Mañana
737,2024-09-16,14:00:00,22:00:00,Tarde
738,2024-09-16,22:00:00,06:00:00,Noche
739,2024-09-23,06:00:00,14:00:00,Mañana
740,2024-09-23,14:00:00,22:00:00,Tarde
741,2024-09-23,22:00:00,06:00:00,Noche
742,2024-09-30,06:00:00,14:00:00,Mañana
743,2024-09-30,14:00:00,22:00:00,Tarde
744,2024-09-30,22:00:00,06:00:00,Noche
745,2024-10-07,06:00:00,14:00:00,Mañana
746,2024-10-07,14:00:00,22:00:00,Tarde
747,2024-10-07,22:00:00,06:00:00,Noche
748,2024-10-14,06:00:00,14:00:00,Mañana
749,2024-10-14,14:00:00,22:00:00,Tarde
750,2024-10-14,22:00:00,06:00:00,Noche
751,2024-10-21,06:00:00,14:00:00,Mañana
752,2024-10-21,14:00:00,22:00:00,Tarde
753,2024-10-21,22:00:00,06:00:00,Noche
754,2024-10-28,06:00:00,14:00:00,Mañana
755,2024-10-28,14:00:00,22:00:00,Tarde
756,2024-10-28,22:00:00,06:00:00,Noche
757,2024-11-04,06:00:00,14:00:00,Mañana
758,2024-11-04,14:00:00,22:00:00,Tarde
759,2024-11-04,22:00:00,06:00:00,Noche
760,2024-11-11,06:00:00,14:00:00,Mañana
761,2024-11-11,14:00:00,22:00:00,Tarde
762,2024-11-11,22:00:00,06:00:00,Noche
763,2024-11-18,06:00:00,14:00:00,Mañana
764,2024-11-18,14:00:00,22:00:00,Tarde
765,2024-11-18,22:00:00,06:00:00,Noche
766,2024-11-25,06:00:00,14:00:00,Mañana
767,2024-11-25,14:00:00,22:00:00,Tarde
768,2024-11-25,22:00:00,06:00:00,Noche
769,2024-12-02,06:00:00,14:00:00,Mañana
770,2024-12-02,14:00:00,22:00:00,Tarde
771,2024-12-02,22:00:00,06:00:00,Noche
772,2024-12-09,06:00:00,14:00:00,Mañana
773,2024-12-09,14:00:00,22:00:00,Tarde
774,2024-12-09,22:00:00,06:00:00,Noche
775,2024-12-16,06:00:00,14:00:00,Mañana
776,2024-12-16,14:00:00,22:00:00,Tarde
777,2024-12-16,22:00:00,06:00:00,Noche
778,2024-12-23,06:00:00,14:00:00,Mañana
779,2024-12-23,14:00:00,22:00:00,Tarde
780,2024-12-23,22:00:00,06:00:00,Noche
781,2024-12-30,06:00:00,14:00:00,Mañana
782,2024-12-30,14:00:00,22:00:00,Tarde
783,2024-12-30,22:00:00,06:00:00,Noche
